{"cameraMode":{"drawMode":0,"name":"Shaded","section":"Shading Mode"},"sceneLighting":true,"audioPlay":false,"sceneViewState":{"showFog":true,"showMaterialUpdate":false,"showSkybox":true,"showFlares":true,"showImageEffects":true,"showParticleSystems":true},"in2DMode":false,"pivot":{"x":0.8160667419433594,"y":10.596860885620118,"z":-15.834329605102539},"rotation":{"x":-0.1240905225276947,"y":0.03749334439635277,"z":-0.004694649018347263,"w":-0.9915568828582764},"size":17.958171844482423,"orthographic":false}