{"cameraMode":{"drawMode":0,"name":"Shaded","section":"Shading Mode"},"sceneLighting":false,"audioPlay":false,"sceneViewState":{"showFog":true,"showMaterialUpdate":false,"showSkybox":true,"showFlares":true,"showImageEffects":true,"showParticleSystems":true},"in2DMode":false,"pivot":{"x":5.960464477539063e-8,"y":5.46999979019165,"z":-1.1920928955078126e-7},"rotation":{"x":0.08090563863515854,"y":0.01196037232875824,"z":-0.0009709136211313307,"w":0.9966495037078857},"size":4.041658401489258,"orthographic":false}