{"cameraMode":{"drawMode":0,"name":"Shaded","section":"Shading Mode"},"sceneLighting":true,"audioPlay":false,"sceneViewState":{"showFog":true,"showMaterialUpdate":false,"showSkybox":true,"showFlares":true,"showImageEffects":true,"showParticleSystems":true},"in2DMode":false,"pivot":{"x":109.40213775634766,"y":2.3370907306671144,"z":-78.25465393066406},"rotation":{"x":0.060146182775497439,"y":0.7825676202774048,"z":0.07654208689928055,"w":-0.6149142980575562},"size":5.338565349578857,"orthographic":false}