{"cameraMode":{"drawMode":0,"name":"Shaded","section":"Shading Mode"},"sceneLighting":true,"audioPlay":false,"sceneViewState":{"showFog":true,"showMaterialUpdate":false,"showSkybox":true,"showFlares":true,"showImageEffects":true,"showParticleSystems":true},"in2DMode":false,"pivot":{"x":-2.4274885654449465,"y":8.462261199951172,"z":-17.835811614990236},"rotation":{"x":-0.1240905225276947,"y":0.03749334439635277,"z":-0.004694649018347263,"w":-0.9915568828582764},"size":7.194110870361328,"orthographic":false}